{
  "menuItems": [
    {
      "dishesName": "Fried Eggs",
      "dishesImage": "https://cdn.loveandlemons.com/wp-content/uploads/2023/01/fried-egg.jpg",
      "dishesPrice": 5800,
      "dishesCategory": "Breakfast",
      "id": "1"
    },
    {
      "dishesName": "Hawaiian Pizza",
      "dishesImage": "https://www.allrecipes.com/thmb/v1Xi2wtebK1sZwSJitdV4MGKl1c=/1500x0/filters:no_upscale():max_bytes(150000):strip_icc()/hawaiian-pizza-ddmfs-3x2-132-450eff04ad924d9a9eae98ca44e3f988.jpg",
      "dishesPrice": 2100,
      "dishesCategory": "Breakfast",
      "id": "2"
    },
    {
      "dishesName": "Martinez Cocktail",
      "dishesImage": "https://hips.hearstapps.com/hmg-prod/images/210219-ver-febcocktail001-1-1613772095.jpg?crop=1.00xw:0.669xh;0,0.165xh&resize=1200:*",
      "dishesPrice": 7400,
      "dishesCategory": "Drinks",
      "id": "3"
    },
    {
      "dishesName": "Butterscotch Cake",
      "dishesImage": "https://thomsonline.in/wp-content/uploads/2019/08/BUTTERSCOTCH-CAKE-3.jpg",
      "dishesPrice": 1700,
      "dishesCategory": "Desserts",
      "id": "4"
    },
    {
      "dishesName": "Mint Lemonade",
      "dishesImage": "https://falasteenifoodie.com/wp-content/uploads/2023/04/Fresh-Drinks-for-Summer.jpeg",
      "dishesPrice": 8000,
      "dishesCategory": "Drinks",
      "id": "5"
    },
    {
      "dishesName": "Chocolate Ice Cream",
      "dishesImage": "https://sugarpursuit.com/wp-content/uploads/2023/05/Chocolate-ice-cream-thumbnail.jpg",
      "dishesPrice": 7000,
      "dishesCategory": "Desserts",
      "id": "6"
    },
    {
      "dishesName": "Cheese Burger",
      "dishesImage": "https://encrypted-tbn0.gstatic.com/images?q=tbn:ANd9GcRxObbwOf6mVoQLtGMFYU_8kbQCJUCj3dq2uQ&s",
      "dishesPrice": 3400,
      "dishesCategory": "Breakfast",
      "id": "7"
    },
    {
      "id": "9",
      "dishesName": "Banh Mi",
      "dishesPrice": "10000",
      "dishesCategory": "Main Dishes",
      "dishesImage": "https://encrypted-tbn0.gstatic.com/images?q=tbn:ANd9GcTspTvNPQa7H-NqaPk3-bsPUQUK0nf8fhIJEQ&s"
    }
  ]
}